{"train/global_step": 110, "_timestamp": 1714399503.670627, "global_step": 64158, "_runtime": 631.463739156723, "_step": 221, "validation/global_step": 110, "validation/evaluation_loss_vs_iterations": 0.18062569200992584, "train/epoch_loss": 0.1831517368555069, "validation/epoch_loss": 0.18062569200992584, "train/BatchNorm_1/gamma_0/histogram": {"_type": "histogram", "values": [4.0, 8.0, 10.0, 9.0, 9.0, 6.0, 4.0, 7.0, 5.0, 4.0, 5.0, 3.0, 1.0, 7.0, 4.0, 2.0, 2.0, 2.0, 0.0, 2.0, 6.0, 7.0, 7.0, 10.0, 11.0, 13.0, 16.0, 9.0, 4.0, 3.0], "bins": [0.9569447636604309, 0.9599360962708791, 0.9629274288813273, 0.9659187614917755, 0.9689100941022237, 0.9719014267126719, 0.9748927593231201, 0.9778840919335683, 0.9808754245440165, 0.9838667571544647, 0.986858089764913, 0.9898494223753611, 0.9928407549858094, 0.9958320875962575, 0.9988234202067057, 1.001814752817154, 1.0048060854276022, 1.0077974180380502, 1.0107887506484985, 1.0137800832589468, 1.016771415869395, 1.019762748479843, 1.0227540810902913, 1.0257454137007396, 1.0287367463111878, 1.0317280789216359, 1.0347194115320841, 1.0377107441425324, 1.0407020767529804, 1.0436934093634287, 1.046684741973877]}, "train/BatchNorm_1/beta_0/histogram": {"_type": "histogram", "values": [1.0, 0.0, 2.0, 2.0, 2.0, 2.0, 1.0, 2.0, 6.0, 6.0, 13.0, 11.0, 17.0, 17.0, 13.0, 11.0, 17.0, 16.0, 3.0, 9.0, 5.0, 6.0, 3.0, 1.0, 6.0, 2.0, 1.0, 2.0, 1.0, 2.0], "bins": [-0.011063662357628345, -0.010307225088278452, -0.00955078781892856, -0.008794350549578667, -0.008037913280228773, -0.0072814760108788805, -0.006525038741528988, -0.005768601472179094, -0.005012164202829202, -0.004255726933479309, -0.0034992896641294156, -0.002742852394779522, -0.0019864151254296303, -0.0012299778560797368, -0.00047354058672984325, 0.0002828966826200485, 0.001039333951969942, 0.0017957712213198355, 0.0025522084906697273, 0.003308645760019621, 0.004065083029369514, 0.004821520298719406, 0.005577957568069301, 0.006334394837419193, 0.007090832106769085, 0.00784726937611898, 0.008603706645468872, 0.009360143914818764, 0.010116581184168659, 0.01087301845351855, 0.011629455722868443]}, "train/BatchNorm_1/moving_mean_0/histogram": {"_type": "histogram", "values": [25.0, 24.0, 26.0, 22.0, 16.0, 10.0, 12.0, 6.0, 7.0, 5.0, 4.0, 4.0, 1.0, 5.0, 3.0, 1.0, 2.0, 0.0, 1.0, 2.0, 0.0, 1.0, 0.0, 1.0, 1.0, 0.0, 0.0, 0.0, 0.0, 1.0], "bins": [2.3270290228083468e-07, 5.23408618372893e-07, 8.141143344649512e-07, 1.1048200505570094e-06, 1.3955257666490677e-06, 1.686231482741126e-06, 1.976937198833184e-06, 2.2676429149252426e-06, 2.5583486310173007e-06, 2.8490543471093588e-06, 3.1397600632014173e-06, 3.4304657792934754e-06, 3.7211714953855335e-06, 4.011877211477592e-06, 4.3025829275696505e-06, 4.593288643661708e-06, 4.883994359753767e-06, 5.174700075845825e-06, 5.465405791937883e-06, 5.756111508029941e-06, 6.046817224122e-06, 6.337522940214058e-06, 6.628228656306116e-06, 6.918934372398175e-06, 7.209640088490232e-06, 7.500345804582291e-06, 7.79105152067435e-06, 8.081757236766407e-06, 8.372462952858466e-06, 8.663168668950524e-06, 8.953874385042582e-06]}, "train/BatchNorm_1/moving_variance_0/histogram": {"_type": "histogram", "values": [59.0, 39.0, 20.0, 13.0, 11.0, 10.0, 2.0, 8.0, 3.0, 3.0, 2.0, 1.0, 1.0, 3.0, 2.0, 0.0, 0.0, 0.0, 0.0, 1.0, 1.0, 0.0, 0.0, 0.0, 0.0, 0.0, 0.0, 0.0, 0.0, 1.0], "bins": [1.0318862328191972e-13, 8.27336263779166e-13, 1.5514839042764123e-12, 2.2756315447736586e-12, 2.999779185270905e-12, 3.723926825768151e-12, 4.4480744662653974e-12, 5.172222106762644e-12, 5.89636974725989e-12, 6.620517387757136e-12, 7.344665028254382e-12, 8.06881266875163e-12, 8.792960309248875e-12, 9.517107949746121e-12, 1.0241255590243369e-11, 1.0965403230740614e-11, 1.168955087123786e-11, 1.2413698511735106e-11, 1.3137846152232352e-11, 1.38619937927296e-11, 1.4586141433226844e-11, 1.5310289073724093e-11, 1.603443671422134e-11, 1.6758584354718585e-11, 1.748273199521583e-11, 1.8206879635713076e-11, 1.8931027276210322e-11, 1.9655174916707568e-11, 2.0379322557204817e-11, 2.1103470197702063e-11, 2.182761783819931e-11]}, "train/Dense_128_1/kernel_0/histogram": {"_type": "histogram", "values": [8.0, 0.0, 25.0, 28.0, 71.0, 71.0, 96.0, 295.0, 572.0, 680.0, 1069.0, 1511.0, 1967.0, 2308.0, 2984.0, 2613.0, 2408.0, 2037.0, 1401.0, 985.0, 692.0, 646.0, 272.0, 101.0, 68.0, 73.0, 21.0, 26.0, 0.0, 12.0], "bins": [-6.570650273873824e-11, -6.131239289423422e-11, -5.6918283049730195e-11, -5.2524173205226174e-11, -4.813006336072215e-11, -4.373595351621813e-11, -3.934184367171412e-11, -3.4947733827210096e-11, -3.0553623982706075e-11, -2.6159514138202054e-11, -2.1765404293698033e-11, -1.7371294449194012e-11, -1.2977184604689998e-11, -8.583074760185977e-12, -4.188964915681956e-12, 2.0514492882206525e-13, 4.599254773326086e-12, 8.993364617830107e-12, 1.3387474462334128e-11, 1.778158430683815e-11, 2.217569415134217e-11, 2.656980399584619e-11, 3.096391384035021e-11, 3.5358023684854233e-11, 3.975213352935824e-11, 4.414624337386226e-11, 4.8540353218366284e-11, 5.293446306287032e-11, 5.7328572907374326e-11, 6.172268275187836e-11, 6.611679259638237e-11]}, "train/Dense_128_1/bias_0/histogram": {"_type": "histogram", "values": [1.0, 1.0, 0.0, 2.0, 2.0, 3.0, 4.0, 5.0, 10.0, 5.0, 8.0, 9.0, 15.0, 3.0, 7.0, 15.0, 17.0, 10.0, 2.0, 1.0, 1.0, 1.0, 2.0, 1.0, 1.0, 1.0, 0.0, 0.0, 0.0, 1.0], "bins": [-3.7893143484124536e-11, -3.485251508691019e-11, -3.181188668969585e-11, -2.8771258292481504e-11, -2.573062989526716e-11, -2.269000149805282e-11, -1.9649373100838475e-11, -1.660874470362413e-11, -1.3568116306409787e-11, -1.0527487909195443e-11, -7.486859511981102e-12, -4.4462311147667576e-12, -1.4056027175524135e-12, 1.6350256796619306e-12, 4.675654076876275e-12, 7.716282474090619e-12, 1.0756910871304963e-11, 1.3797539268519307e-11, 1.683816766573365e-11, 1.9878796062947995e-11, 2.2919424460162333e-11, 2.5960052857376683e-11, 2.900068125459102e-11, 3.204130965180537e-11, 3.508193804901971e-11, 3.812256644623406e-11, 4.11631948434484e-11, 4.420382324066275e-11, 4.7244451637877086e-11, 5.0285080035091436e-11, 5.3325708432305774e-11]}, "train/Dense_128_2/kernel_0/histogram": {"_type": "histogram", "values": [7.0, 0.0, 15.0, 12.0, 62.0, 39.0, 73.0, 187.0, 428.0, 496.0, 696.0, 1048.0, 1391.0, 1667.0, 2049.0, 1998.0, 1685.0, 1460.0, 1066.0, 681.0, 484.0, 443.0, 186.0, 74.0, 36.0, 62.0, 13.0, 13.0, 1.0, 12.0], "bins": [-6.587404233204808e-11, -6.147434783443372e-11, -5.7074653336819383e-11, -5.267495883920503e-11, -4.8275264341590683e-11, -4.3875569843976336e-11, -3.947587534636198e-11, -3.5076180848747636e-11, -3.067648635113329e-11, -2.6276791853518942e-11, -2.1877097355904596e-11, -1.7477402858290242e-11, -1.3077708360675895e-11, -8.678013863061549e-12, -4.278319365447195e-12, 1.2137513216714524e-13, 4.5210696297814986e-12, 8.920764127395852e-12, 1.3320458625010192e-11, 1.7720153122624546e-11, 2.2119847620238886e-11, 2.651954211785324e-11, 3.091923661546759e-11, 3.531893111308193e-11, 3.9718625610696286e-11, 4.411832010831064e-11, 4.851801460592498e-11, 5.2917709103539334e-11, 5.731740360115369e-11, 6.171709809876804e-11, 6.611679259638237e-11]}, "train/Dense_128_2/bias_0/histogram": {"_type": "histogram", "values": [1.0, 0.0, 1.0, 0.0, 1.0, 1.0, 0.0, 6.0, 4.0, 1.0, 7.0, 8.0, 8.0, 12.0, 16.0, 15.0, 5.0, 12.0, 11.0, 4.0, 0.0, 5.0, 4.0, 3.0, 1.0, 1.0, 0.0, 0.0, 0.0, 1.0],