{"train/global_step": 181, "_timestamp": 1714414136.209468, "global_step": 209482, "train/epoch_loss": 0.012528590857982635, "train/BatchNorm_1/gamma_0/histogram": {"_type": "histogram", "values": [3.0, 3.0, 8.0, 10.0, 18.0, 24.0, 20.0, 19.0, 13.0, 10.0, 5.0, 8.0, 5.0, 1.0, 4.0, 3.0, 2.0, 7.0, 4.0, 1.0, 3.0, 0.0, 1.0, 1.0, 0.0, 2.0, 0.0, 0.0, 4.0, 1.0], "bins": [-4.024762153625488, -2.8596222241719564, -1.6944822947184246, -0.5293423652648928, 0.6357975641886391, 1.800937493642171, 2.9660774230957028, 4.1312173525492355, 5.2963572820027665, 6.461497211456297, 7.62663714090983, 8.791777070363363, 9.956916999816894, 11.122056929270425, 12.28719685872396, 13.45233678817749, 14.617476717631021, 15.782616647084552, 16.947756576538083, 18.112896505991618, 19.27803643544515, 20.44317636489868, 21.608316294352214, 22.773456223805745, 23.938596153259276, 25.103736082712807, 26.268876012166338, 27.434015941619872, 28.599155871073407, 29.764295800526938, 30.92943572998047]}, "train/BatchNorm_1/beta_0/histogram": {"_type": "histogram", "values": [1.0, 0.0, 1.0, 0.0, 2.0, 4.0, 4.0, 3.0, 7.0, 8.0, 4.0, 9.0, 14.0, 41.0, 26.0, 19.0, 5.0, 14.0, 7.0, 3.0, 2.0, 3.0, 1.0, 0.0, 0.0, 1.0, 0.0, 0.0, 0.0, 1.0], "bins": [-0.005978205241262913, -0.005544899776577949, -0.005111594311892986, -0.004678288847208023, -0.00424498338252306, -0.0038116779178380966, -0.0033783724531531332, -0.0029450669884681703, -0.002511761523783207, -0.0020784560590982435, -0.0016451505944132805, -0.001211845129728317, -0.0007785396650433537, -0.0003452342003583903, 8.807126432657224e-05, 0.0005213767290115356, 0.000954682193696499, 0.0013879876583814624, 0.0018212931230664258, 0.0022545985877513892, 0.0026879040524363518, 0.003121209517121316, 0.0035545149818062786, 0.003987820446491241, 0.004421125911176205, 0.004854431375861168, 0.005287736840546132, 0.005721042305231095, 0.006154347769916057, 0.0065876532346010215, 0.007020958699285984]}, "train/BatchNorm_1/moving_mean_0/histogram": {"_type": "histogram", "values": [27.0, 33.0, 23.0, 18.0, 16.0, 13.0, 9.0, 8.0, 5.0, 4.0, 5.0, 2.0, 3.0, 2.0, 4.0, 0.0, 1.0, 0.0, 3.0, 1.0, 0.0, 0.0, 1.0, 1.0, 0.0, 0.0, 0.0, 0.0, 0.0, 1.0], "bins": [2.3082029088072886e-07, 5.455116242577182e-07, 8.602029576347074e-07, 1.1748942910116966e-06, 1.4895856243886859e-06, 1.8042769577656752e-06, 2.1189682911426643e-06, 2.4336596245196536e-06, 2.748350957896643e-06, 3.0630422912736322e-06, 3.3777336246506215e-06, 3.692424958027611e-06, 4.0071162914046e-06, 4.321807624781589e-06, 4.636498958158578e-06, 4.951190291535568e-06, 5.265881624912557e-06, 5.580572958289546e-06, 5.895264291666536e-06, 6.209955625043525e-06, 6.524646958420514e-06, 6.8393382917975035e-06, 7.154029625174493e-06, 7.468720958551482e-06, 7.78341229192847e-06, 8.09810362530546e-06, 8.41279495868245e-06, 8.72748629205944e-06, 9.042177625436428e-06, 9.356868958813418e-06, 9.671560292190406e-06]}, "train/BatchNorm_1/moving_variance_0/histogram": {"_type": "histogram", "values": [68.0, 35.0, 22.0, 13.0, 10.0, 8.0, 5.0, 5.0, 2.0, 3.0, 0.0, 3.0, 1.0, 1.0, 1.0, 0.0, 0.0, 1.0, 0.0, 0.0, 1.0, 0.0, 0.0, 0.0, 0.0, 0.0, 0.0, 0.0, 0.0, 1.0], "bins": [1.1061199292660209e-13, 9.827174205773662e-13, 1.8548228482281303e-12, 2.7269282758788945e-12, 3.5990337035296584e-12, 4.471139131180422e-12, 5.343244558831187e-12, 6.215349986481951e-12, 7.087455414132715e-12, 7.959560841783479e-12, 8.831666269434242e-12, 9.703771697085006e-12, 1.0575877124735772e-11, 1.1447982552386536e-11, 1.23200879800373e-11, 1.3192193407688063e-11, 1.4064298835338827e-11, 1.493640426298959e-11, 1.5808509690640355e-11, 1.668061511829112e-11, 1.7552720545941883e-11, 1.8424825973592647e-11, 1.929693140124341e-11, 2.0169036828894175e-11, 2.1041142256544942e-11, 2.1913247684195706e-11, 2.278535311184647e-11, 2.3657458539497233e-11, 2.4529563967147997e-11, 2.540166939479876e-11, 2.6273774822449525e-11]}, "train/Dense_128_1/kernel_0/histogram": {"_type": "histogram", "values": [3.0, 3.0, 3.0, 9.0, 22.0, 4.0, 2.0, 3.0, 17.0, 40.0, 75.0, 105.0, 176.0, 318.0, 21272.0, 610.0, 88.0, 115.0, 54.0, 34.0, 31.0, 19.0, 18.0, 7.0, 5.0, 4.0, 2.0, 0.0, 0.0, 1.0], "bins": [-7.632798194885254, -7.1107690811157225, -6.588739967346191, -6.0667108535766605, -5.544681739807129, -5.022652626037598, -4.500623512268067, -3.9785943984985357, -3.4565652847290043, -2.934536170959473, -2.4125070571899414, -1.8904779434204109, -1.3684488296508794, -0.846419715881348, -0.32439060211181747, 0.19763851165771396, 0.7196676254272454, 1.241696739196776, 1.7637258529663082, 2.2857549667358388, 2.807784080505371, 3.3298131942749016, 3.851842308044432, 4.3738714218139645, 4.895900535583495, 5.417929649353026, 5.939958763122558, 6.461987876892088, 6.984016990661619, 7.506046104431151, 8.028075218200684]}, "train/Dense_128_1/bias_0/histogram": {"_type": "histogram", "values": [4.0, 2.0, 3.0, 0.0, 1.0, 1.0, 2.0, 9.0, 5.0, 4.0, 1.0, 7.0, 7.0, 4.0, 5.0, 10.0, 10.0, 6.0, 14.0, 9.0, 6.0, 3.0, 6.0, 2.0, 2.0, 1.0, 2.0, 1.0, 0.0, 1.0], "bins": [-0.05741317942738533, -0.05441381024817626, -0.051414441068967184, -0.04841507188975811, -0.04541570271054904, -0.042416333531339966, -0.03941696435213089, -0.03641759517292181, -0.03341822599371275, -0.03041885681450367, -0.027419487635294598, -0.02442011845608552, -0.021420749276876448, -0.018421380097667375, -0.015422010918458302, -0.01242264173924923, -0.009423272560040157, -0.006423903380831084, -0.0034245342016220107, -0.00042516502241293774, 0.002574204156796135, 0.005573573336005208, 0.008572942515214288, 0.011572311694423354, 0.014571680873632434, 0.0175710500528415, 0.02057041923205058, 0.023569788411259646, 0.026569157590468725, 0.02956852676967779, 0.03256789594888687]}, "train/Dense_128_2/kernel_0/histogram": {"_type": "histogram", "values": [2.0, 0.0, 1.0, 3.0, 3.0, 10.0, 14.0, 19.0, 65.0, 118.0, 269.0, 674.0, 1767.0, 3498.0, 4108.0, 3272.0, 1538.0, 595.0, 225.0, 113.0, 51.0, 22.0, 7.0, 4.0, 1.0, 0.0, 2.0, 0.0, 2.0, 1.0], "bins": [-1.1371374130249023, -1.0591304421424865, -0.9811234712600708, -0.903116500377655, -0.8251095294952393, -0.7471025586128235, -0.6690955877304077, -0.591088616847992, -0.5130816459655761, -0.43507467508316033, -0.35706770420074463, -0.2790607333183288, -0.201053762435913, -0.12304679155349718, -0.04503982067108159, 0.03296715021133423, 0.11097412109375004, 0.18898109197616586, 0.2669880628585817, 0.34499503374099727, 0.4230020046234131, 0.5010089755058289, 0.5790159463882447, 0.6570229172706605, 0.7350298881530763, 0.8130368590354919, 0.891043829917908, 0.9690508008003236, 1.0470577716827392, 1.1250647425651552, 1.2030717134475708]}, "train/Dense_128_2/bias_0/histogram": {"_type": "histogram", "values": [1.0, 0.0, 2.0, 1.0, 0.0, 3.0, 2.0, 0.0, 1.0, 2.0, 2.0, 2.0, 3.0, 7.0, 5.0, 6.0, 10.0, 20.0, 21.0, 17.0, 7.0, 5.0, 4.0, 4.0, 1.0, 0.0, 1.0, 0.0, 0.0, 1.0], "bins": [-0.13891804218292236, -0.1324817519634962, -0.12604546174407005, -0.1196091715246439, -0.11317288130521774, -0.10673659108579159, -0.10030030086636543, -0.09386401064693928, -0.08742772042751312, -0.08099143020808697, -0.07455513998866081, -0.06811884976923466, -0.0616825595498085, -0.05524626933038235, -0.04880997911095619, -0.04237368889153004, -0.03593739867210388, -0.029501108452677727, -0.02306481823325157, -0.016628528013825417, -0.010192237794399261, -0.0037559475749731064, 0.0026803426444530487, 0.009116632863879204, 0.015552923083305359, 0.021989213302731514, 0.02842550352215767, 0.034861793741583824, 0.04129808396100998, 0.047734374180436134, 0.05417066439986229]}, "train/Dense_128_3/kernel_0/histogram": {"_type": "histogram", "values": [1.0, 0.0, 2.0, 0.0, 0.0, 2.0, 1.0, 0.0, 3.0, 30.0, 108.0, 287.0, 917.0, 2361.0, 3635.0, 3997.0, 2854.0, 1445.0, 506.0, 164.0, 47.0, 12.0, 3.0, 3.0, 1.0, 1.0, 2.0, 1.0, 0.0, 1.0],