{"train/global_step": 12, "_timestamp": 1714399836.409673, "global_step": 6900, "_runtime": 98.71997594833374, "_step": 24, "validation/global_step": 11, "validation/evaluation_loss_vs_iterations": 0.2721426486968994, "train/epoch_loss": 0.19033463299274445, "validation/epoch_loss": 0.2721426486968994, "train/Dense_128_1/kernel_0/histogram": {"_type": "histogram", "values": [2.0, 0.0, 0.0, 1.0, 13.0, 205.0, 14.0, 656.0, 913.0, 114.0, 416.0, 565.0, 2864.0, 1332.0, 4415.0, 4370.0, 1315.0, 2849.0, 602.0, 436.0, 106.0, 931.0, 713.0, 6.0, 179.0, 15.0, 2.0, 0.0, 0.0, 6.0], "bins": [-6.239955109776929e-05, -5.8239517238689585e-05, -5.407948337960988e-05, -4.991944952053018e-05, -4.575941566145048e-05, -4.159938180237077e-05, -3.7439347943291073e-05, -3.327931408421137e-05, -2.9119280225131663e-05, -2.495924636605196e-05, -2.0799212506972253e-05, -1.6639178647892555e-05, -1.247914478881285e-05, -8.319110929733145e-06, -4.159077070653447e-06, 9.567884262651205e-10, 4.160990647505963e-06, 8.321024506585662e-06, 1.2481058365665373e-05, 1.6641092224745072e-05, 2.0801126083824784e-05, 2.4961159942904482e-05, 2.912119380198418e-05, 3.328122766106389e-05, 3.744126152014359e-05, 4.160129537922329e-05, 4.5761329238303e-05, 4.99213630973827e-05, 5.40813969564624e-05, 5.824143081554211e-05, 6.240146467462182e-05]}, "train/Dense_128_1/bias_0/histogram": {"_type": "histogram", "values": [2.0, 1.0, 1.0, 3.0, 0.0, 2.0, 3.0, 6.0, 8.0, 8.0, 8.0, 9.0, 5.0, 6.0, 11.0, 3.0, 9.0, 9.0, 2.0, 8.0, 4.0, 5.0, 2.0, 4.0, 1.0, 3.0, 1.0, 1.0, 2.0, 1.0], "bins": [-1.358076438799498e-20, -1.2668519666256621e-20, -1.175627494451826e-20, -1.0844030222779899e-20, -9.93178550104154e-21, -9.01954077930318e-21, -8.107296057564819e-21, -7.195051335826458e-21, -6.282806614088098e-21, -5.3705618923497385e-21, -4.4583171706113774e-21, -3.546072448873016e-21, -2.6338277271346567e-21, -1.721583005396297e-21, -8.09338283657936e-22, 1.029064380804251e-22, 1.0151511598187847e-21, 1.9273958815571443e-21, 2.839640603295504e-21, 3.7518853250338665e-21, 4.664130046772226e-21, 5.576374768510586e-21, 6.488619490248948e-21, 7.400864211987308e-21, 8.313108933725667e-21, 9.225353655464027e-21, 1.0137598377202387e-20, 1.104984309894075e-20, 1.1962087820679109e-20, 1.2874332542417468e-20, 1.378657726415583e-20]}, "train/Dense_128_2/kernel_0/histogram": {"_type": "histogram", "values": [11.0, 0.0, 0.0, 2.0, 12.0, 134.0, 5.0, 543.0, 588.0, 85.0, 302.0, 444.0, 2053.0, 915.0, 3028.0, 3130.0, 930.0, 2012.0, 424.0, 278.0, 101.0, 677.0, 556.0, 5.0, 129.0, 15.0, 0.0, 0.0, 0.0, 5.0], "bins": [-6.240155198611319e-05, -5.824145240088304e-05, -5.4081352815652886e-05, -4.992125323042274e-05, -4.576115364519258e-05, -4.1601054059962436e-05, -3.7440954474732284e-05, -3.328085488950213e-05, -2.912075530427198e-05, -2.4960655719041827e-05, -2.0800556133811675e-05, -1.6640456548581523e-05, -1.2480356963351377e-05, -8.320257378121225e-06, -4.1601577928910725e-06, -5.820766091346741e-11, 4.160041377569232e-06, 8.320140962799378e-06, 1.2480240548029537e-05, 1.6640340133259682e-05, 2.080043971848984e-05, 2.4960539303719987e-05, 2.9120638888950146e-05, 3.328073847418029e-05, 3.7440838059410437e-05, 4.1600937644640596e-05, 4.576103722987074e-05, 4.99211368151009e-05, 5.4081236400331046e-05, 5.8241335985561205e-05, 6.240143557079136e-05]}, "train/Dense_128_2/bias_0/histogram": {"_type": "histogram", "values": [1.0, 0.0, 0.0, 0.0, 0.0, 0.0, 2.0, 0.0, 0.0, 1.0, 0.0, 1.0, 3.0, 2.0, 0.0, 2.0, 6.0, 12.0, 8.0, 13.0, 14.0, 12.0, 17.0, 9.0, 9.0, 2.0, 5.0, 2.0, 3.0, 4.0], "bins": [-1.4298285403078033e-16, -1.3607961050836665e-16, -1.29176366985953e-16, -1.222731234635393e-16, -1.1536987994112562e-16, -1.0846663641871196e-16, -1.0156339289629828e-16, -9.46601493738846e-17, -8.775690585147093e-17, -8.085366232905725e-17, -7.395041880664358e-17, -6.70471752842299e-17, -6.014393176181622e-17, -5.3240688239402546e-17, -4.6337444716988874e-17, -3.943420119457519e-17, -3.253095767216152e-17, -2.5627714149747845e-17, -1.872447062733416e-17, -1.1821227104920501e-17, -4.9179835825068164e-18, 1.985259939906868e-18, 8.888503462320528e-18, 1.5791746984734212e-17, 2.2694990507147897e-17, 2.9598234029561557e-17, 3.650147755197524e-17, 4.3404721074388926e-17, 5.0307964596802586e-17, 5.721120811921627e-17, 6.411445164162995e-17]}, "train/Dense_128_3/kernel_0/histogram": {"_type": "histogram", "values": [1.0, 0.0, 0.0, 1.0, 9.0, 126.0, 6.0, 529.0, 699.0, 95.0, 316.0, 443.0, 2005.0, 952.0, 2984.0, 3077.0, 937.0, 2015.0, 448.0, 294.0, 89.0, 665.0, 522.0, 5.0, 148.0, 13.0, 0.0, 0.0, 0.0, 5.0], "bins": [-6.239984213607386e-05, -5.823983495550541e-05, -5.4079827774936956e-05, -4.9919820594368505e-05, -4.5759813413800054e-05, -4.1599806233231604e-05, -3.7439799052663146e-05, -3.3279791872094695e-05, -2.9119784691526245e-05, -2.4959777510957794e-05, -2.0799770330389343e-05, -1.6639763149820892e-05, -1.2479755969252435e-05, -8.319748788683984e-06, -4.159741608115533e-06, 2.6557245291769505e-10, 4.1602727530213685e-06, 8.32027993358982e-06, 1.248028711415827e-05, 1.664029429472672e-05, 2.080030147529517e-05, 2.4960308655863622e-05, 2.9120315836432073e-05, 3.3280323017000524e-05, 3.744033019756899e-05, 4.160033737813744e-05, 4.576034455870589e-05, 4.992035173927434e-05, 5.408035891984279e-05, 5.824036610041124e-05, 6.240037328097969e-05]}, "train/Dense_128_3/bias_0/histogram": {"_type": "histogram", "values": [2.0, 0.0, 0.0, 0.0, 2.0, 0.0, 1.0, 1.0, 3.0, 5.0, 6.0, 15.0, 29.0, 21.0, 9.0, 12.0, 6.0, 4.0, 4.0, 1.0, 3.0, 0.0, 2.0, 0.0, 0.0, 1.0, 0.0, 0.0, 0.0, 1.0], "bins": [-6.803576257062571e-13, -6.30282909920334e-13, -5.80208194134411e-13, -5.301334783484879e-13, -4.800587625625648e-13, -4.2998404677664176e-13, -3.7990933099071867e-13, -3.298346152047956e-13, -2.797598994188725e-13, -2.296851836329494e-13, -1.7961046784702639e-13, -1.295357520611033e-13, -7.946103627518022e-14, -2.938632048925713e-14, 2.0688395296665952e-14, 7.076311108258904e-14, 1.2083782686851212e-13, 1.709125426544352e-13, 2.209872584403583e-13, 2.7106197422628137e-13, 3.2113669001220436e-13, 3.7121140579812754e-13, 4.2128612158405053e-13, 4.713608373699737e-13, 5.214355531558967e-13, 5.715102689418199e-13, 6.215849847277429e-13, 6.71659700513666e-13, 7.21734416299589e-13, 7.718091320855122e-13, 8.218838478714352e-13]}, "train/Dense_64_1/kernel_0/histogram": {"_type": "histogram", "values": [3.0, 0.0, 0.0, 0.0, 7.0, 70.0, 5.0, 259.0, 340.0, 38.0, 129.0, 228.0, 999.0, 459.0, 1526.0, 1597.0, 447.0, 1041.0, 210.0, 134.0, 48.0, 296.0, 288.0, 1.0, 53.0, 7.0, 2.0, 0.0, 0.0, 5.0], "bins": [-6.24012463958934e-05, -5.824118343298323e-05, -5.408112047007307e-05, -4.9921057507162916e-05, -4.5760994544252755e-05, -4.160093158134259e-05, -3.744086861843244e-05, -3.3280805655522276e-05, -2.9120742692612114e-05, -2.4960679729701953e-05, -2.080061676679179e-05, -1.6640553803881636e-05, -1.2480490840971474e-05, -8.320427878061312e-06, -4.160364915151157e-06, -3.019522409886122e-10, 4.159761010669166e-06, 8.319823973579321e-06, 1.247988693648949e-05, 1.6639949899399645e-05, 2.0800012862309813e-05, 2.496007582521997e-05, 2.9120138788130124e-05, 3.328020175104029e-05, 3.744026471395045e-05, 4.16003276768606e-05, 4.576039063977077e-05, 4.9920453602680926e-05, 5.408051656559108e-05, 5.824057952850125e-05, 6.240064249141142e-05]}, "train/Dense_64_1/bias_0/histogram": {"_type": "histogram", "values": [2.0, 0.0, 0.0, 1.0, 0.0, 0.0, 1.0, 1.0, 2.0, 3.0, 4.0, 6.0, 6.0, 9.0, 4.0, 7.0, 8.0, 2.0, 4.0, 1.0, 1.0, 1.0, 0.0, 0.0, 0.0, 0.0, 0.0, 0.0, 0.0, 1.0],