{"train/global_step": 51, "_timestamp": 1714400388.186278, "global_step": 58803, "train/epoch_loss": 0.18156294524669647, "train/Dense_128_1/kernel_0/histogram": {"_type": "histogram", "values": [12.0, 0.0, 0.0, 117.0, 93.0, 102.0, 39.0, 287.0, 370.0, 1014.0, 1311.0, 1434.0, 2643.0, 2197.0, 1854.0, 1985.0, 2238.0, 2523.0, 1433.0, 1309.0, 1026.0, 381.0, 289.0, 42.0, 120.0, 87.0, 119.0, 0.0, 0.0, 15.0], "bins": [-6.098436529100582e-07, -5.691877580223566e-07, -5.285318631346551e-07, -4.878759682469536e-07, -4.4722007335925203e-07, -4.065641784715505e-07, -3.6590828358384895e-07, -3.2525238869614743e-07, -2.845964938084459e-07, -2.439405989207444e-07, -2.0328470403304288e-07, -1.6262880914534131e-07, -1.2197291425763974e-07, -8.131701936993823e-08, -4.066112448223671e-08, -5.229594535194337e-12, 4.065066529316632e-08, 8.130656018086784e-08, 1.2196245506856936e-07, 1.6261834995627087e-07, 2.032742448439724e-07, 2.43930139731674e-07, 2.8458603461937553e-07, 3.2524192950707704e-07, 3.6589782439477867e-07, 4.065537192824802e-07, 4.472096141701817e-07, 4.878655090578832e-07, 5.285214039455847e-07, 5.691772988332862e-07, 6.098331937209878e-07]}, "train/Dense_128_1/bias_0/histogram": {"_type": "histogram", "values": [1.0, 0.0, 0.0, 4.0, 1.0, 1.0, 2.0, 4.0, 10.0, 6.0, 6.0, 1.0, 6.0, 9.0, 11.0, 11.0, 4.0, 6.0, 10.0, 8.0, 2.0, 5.0, 5.0, 4.0, 2.0, 3.0, 1.0, 1.0, 1.0, 3.0], "bins": [-7.481514857898882e-30, -6.951800114529453e-30, -6.422085371160024e-30, -5.892370627790596e-30, -5.3626558844211675e-30, -4.832941141051739e-30, -4.30322639768231e-30, -3.7735116543128816e-30, -3.243796910943453e-30, -2.714082167574024e-30, -2.1843674242045958e-30, -1.654652680835167e-30, -1.124937937465738e-30, -5.952231940963099e-31, -6.550845072688172e-32, 4.642062926425478e-31, 9.93921036011976e-31, 1.5236357793814042e-30, 2.0533505227508337e-30, 2.583065266120262e-30, 3.11278000948969e-30, 3.6424947528591196e-30, 4.172209496228548e-30, 4.701924239597976e-30, 5.2316389829674055e-30, 5.761353726336832e-30, 6.291068469706262e-30, 6.820783213075691e-30, 7.350497956445118e-30, 7.880212699814548e-30, 8.409927443183977e-30]}, "train/Dense_128_2/kernel_0/histogram": {"_type": "histogram", "values": [5.0, 0.0, 0.0, 78.0, 67.0, 72.0, 26.0, 216.0, 278.0, 701.0, 930.0, 1031.0, 1797.0, 1566.0, 1417.0, 1447.0, 1657.0, 1787.0, 1020.0, 859.0, 653.0, 282.0, 237.0, 29.0, 70.0, 66.0, 86.0, 0.0, 0.0, 7.0], "bins": [-6.098331937209878e-07, -5.691776474729219e-07, -5.28522101224856e-07, -4.878665549767902e-07, -4.4721100872872436e-07, -4.065554624806585e-07, -3.658999162325927e-07, -3.252443699845268e-07, -2.8458882373646095e-07, -2.439332774883951e-07, -2.0327773124032922e-07, -1.626221849922634e-07, -1.219666387441976e-07, -8.131109249613173e-08, -4.0655546248065865e-08, 0.0, 4.0655546248065865e-08, 8.131109249613173e-08, 1.219666387441976e-07, 1.6262218499226346e-07, 2.0327773124032933e-07, 2.439332774883951e-07, 2.8458882373646095e-07, 3.252443699845268e-07, 3.658999162325926e-07, 4.0655546248065844e-07, 4.472110087287243e-07, 4.878665549767902e-07, 5.28522101224856e-07, 5.691776474729219e-07, 6.098331937209878e-07]}, "train/Dense_128_2/bias_0/histogram": {"_type": "histogram", "values": [1.0, 1.0, 2.0, 3.0, 0.0, 3.0, 7.0, 6.0, 6.0, 11.0, 8.0, 12.0, 5.0, 9.0, 4.0, 7.0, 9.0, 1.0, 6.0, 7.0, 8.0, 2.0, 2.0, 1.0, 2.0, 2.0, 1.0, 1.0, 0.0, 1.0], "bins": [-6.554115935813984e-24, -6.061150418958768e-24, -5.568184902103553e-24, -5.0752193852483374e-24, -4.582253868393122e-24, -4.0892883515379065e-24, -3.59632283468269e-24, -3.103357317827475e-24, -2.6103918009722594e-24, -2.117426284117044e-24, -1.6244607672618285e-24, -1.131495250406613e-24, -6.385297335513969e-25, -1.4556421669618141e-25, 3.4740130015903404e-25, 8.403668170142495e-25, 1.333332333869465e-24, 1.8262978507246804e-24, 2.319263367579896e-24, 2.8122288844351113e-24, 3.3051944012903268e-24, 3.798159918145542e-24, 4.291125435000758e-24, 4.784090951855973e-24, 5.27705646871119e-24, 5.7700219855664055e-24, 6.262987502421621e-24, 6.755953019276835e-24, 7.248918536132052e-24, 7.741884052987266e-24, 8.234849569842483e-24]}, "train/Dense_128_3/kernel_0/histogram": {"_type": "histogram", "values": [6.0, 0.0, 0.0, 85.0, 80.0, 85.0, 28.0, 223.0, 277.0, 690.0, 915.0, 1023.0, 1845.0, 1604.0, 1364.0, 1374.0, 1564.0, 1879.0, 1010.0, 864.0, 673.0, 292.0, 214.0, 36.0, 82.0, 71.0, 93.0, 0.0, 0.0, 7.0], "bins": [-6.098331937209878e-07, -5.691772988332862e-07, -5.285214039455847e-07, -4.878655090578832e-07, -4.4720961417018165e-07, -4.0655371928248013e-07, -3.6589782439477856e-07, -3.2524192950707704e-07, -2.8458603461937553e-07, -2.43930139731674e-07, -2.032742448439725e-07, -1.6261834995627092e-07, -1.2196245506856936e-07, -8.130656018086784e-08, -4.065066529316632e-08, 5.229594535194337e-12, 4.066112448223671e-08, 8.131701936993823e-08, 1.2197291425763974e-07, 1.6262880914534126e-07, 2.0328470403304278e-07, 2.439405989207444e-07, 2.845964938084459e-07, 3.2525238869614743e-07, 3.6590828358384905e-07, 4.0656417847155057e-07, 4.472200733592521e-07, 4.878759682469536e-07, 5.285318631346551e-07, 5.691877580223566e-07, 6.098436529100582e-07]}, "train/Dense_128_3/bias_0/histogram": {"_type": "histogram", "values": [1.0, 0.0, 1.0, 0.0, 2.0, 2.0, 0.0, 3.0, 6.0, 8.0, 1.0, 3.0, 9.0, 5.0, 3.0, 9.0, 5.0, 10.0, 13.0, 3.0, 5.0, 6.0, 5.0, 5.0, 5.0, 3.0, 6.0, 4.0, 1.0, 4.0], "bins": [-6.340791035833411e-18, -5.975737730240726e-18, -5.6106844246480406e-18, -5.245631119055356e-18, -4.88057781346267e-18, -4.515524507869985e-18, -4.1504712022773004e-18, -3.785417896684615e-18, -3.4203645910919295e-18, -3.0553112854992443e-18, -2.6902579799065594e-18, -2.325204674313874e-18, -1.960151368721189e-18, -1.5950980631285033e-18, -1.2300447575358185e-18, -8.649914519431328e-19, -4.99938146350448e-19, -1.3488484075776313e-19, 2.301684648349225e-19, 5.9522177042760735e-19, 9.602750760202922e-19, 1.3253283816129778e-18, 1.6903816872056635e-18, 2.055434992798349e-18, 2.420488298391033e-18, 2.7855416039837188e-18, 3.1505949095764044e-18, 3.5156482151690885e-18, 3.880701520761774e-18, 4.24575482635446e-18, 4.6108081319471454e-18]}, "train/Dense_64_1/kernel_0/histogram": {"_type": "histogram", "values": [4.0, 0.0, 0.0, 37.0, 44.0, 42.0, 17.0, 106.0, 159.0, 347.0, 410.0, 504.0, 949.0, 817.0, 737.0, 722.0, 768.0, 867.0, 479.0, 461.0, 339.0, 143.0, 91.0, 22.0, 48.0, 35.0, 43.0, 0.0, 0.0, 1.0], "bins": [-6.098331937209878e-07, -5.691776474729219e-07, -5.28522101224856e-07, -4.878665549767902e-07, -4.4721100872872436e-07, -4.065554624806585e-07, -3.658999162325927e-07, -3.252443699845268e-07, -2.8458882373646095e-07, -2.439332774883951e-07, -2.0327773124032922e-07, -1.626221849922634e-07, -1.219666387441976e-07, -8.131109249613173e-08, -4.0655546248065865e-08, 0.0, 4.0655546248065865e-08, 8.131109249613173e-08, 1.219666387441976e-07, 1.6262218499226346e-07, 2.0327773124032933e-07, 2.439332774883951e-07, 2.8458882373646095e-07, 3.252443699845268e-07, 3.658999162325926e-07, 4.0655546248065844e-07, 4.472110087287243e-07, 4.878665549767902e-07, 5.28522101224856e-07, 5.691776474729219e-07, 6.098331937209878e-07]}, "train/Dense_64_1/bias_0/histogram": {"_type": "histogram", "values": [1.0, 0.0, 0.0, 1.0, 1.0, 0.0, 2.0, 3.0, 0.0, 1.0, 7.0, 6.0, 5.0, 4.0, 8.0, 4.0, 1.0, 3.0, 2.0, 3.0, 2.0, 3.0, 3.0, 2.0, 0.0, 0.0, 0.0, 1.0, 0.0, 1.0],