{"train/global_step": 162, "_timestamp": 1714401789.994251, "global_step": 186624, "train/epoch_loss": 0.011830716393887997, "train/Dense_128_1/kernel_0/histogram": {"_type": "histogram", "values": [15.0, 44.0, 81.0, 224.0, 445.0, 727.0, 1028.0, 1343.0, 1883.0, 2506.0, 2427.0, 2265.0, 2250.0, 2302.0, 1774.0, 1412.0, 983.0, 649.0, 371.0, 182.0, 70.0, 21.0, 9.0, 7.0, 8.0, 3.0, 4.0, 2.0, 1.0, 4.0], "bins": [-3.46883487701416, -3.1715150038401285, -2.874195130666097, -2.5768752574920653, -2.2795553843180336, -1.9822355111440022, -1.6849156379699708, -1.3875957647959392, -1.0902758916219075, -0.7929560184478759, -0.49563614527384425, -0.19831627209981262, 0.09900360107421857, 0.3963234742482502, 0.6936433474222818, 0.9909632205963135, 1.2882830937703451, 1.5856029669443767, 1.8829228401184084, 2.18024271329244, 2.4775625864664717, 2.7748824596405033, 3.072202332814535, 3.3695222059885666, 3.6668420791625973, 3.964161952336629, 4.261481825510661, 4.558801698684693, 4.856121571858724, 5.153441445032756, 5.450761318206787]}, "train/Dense_128_1/bias_0/histogram": {"_type": "histogram", "values": [2.0, 0.0, 1.0, 0.0, 2.0, 2.0, 0.0, 3.0, 4.0, 0.0, 3.0, 2.0, 1.0, 1.0, 3.0, 2.0, 4.0, 4.0, 27.0, 40.0, 4.0, 3.0, 5.0, 2.0, 6.0, 3.0, 2.0, 0.0, 1.0, 1.0], "bins": [-0.01226887572556734, -0.011631117792179187, -0.010993359858791033, -0.01035560192540288, -0.009717843992014726, -0.009080086058626572, -0.00844232812523842, -0.007804570191850265, -0.007166812258462111, -0.006529054325073957, -0.0058912963916858034, -0.00525353845829765, -0.004615780524909496, -0.003978022591521342, -0.0033402646581331893, -0.002702506724745035, -0.002064748791356881, -0.0014269908579687268, -0.0007892329245805726, -0.0001514749911924202, 0.00048628294219573397, 0.0011240408755838881, 0.0017617988089720406, 0.0023995567423601948, 0.003037314675748349, 0.003675072609136503, 0.004312830542524657, 0.0049505884759128115, 0.005588346409300962, 0.006226104342689116, 0.0068638622760772705]}, "train/Dense_128_2/kernel_0/histogram": {"_type": "histogram", "values": [1.0, 5.0, 13.0, 32.0, 5.0, 1.0, 0.0, 1.0, 2.0, 0.0, 1.0, 5.0, 154.0, 3927.0, 10114.0, 2008.0, 51.0, 1.0, 0.0, 0.0, 1.0, 0.0, 0.0, 0.0, 19.0, 38.0, 3.0, 1.0, 0.0, 1.0], "bins": [-2.94437837600708, -2.739504114786784, -2.5346298535664875, -2.3297555923461912, -2.124881331125895, -1.9200070699055989, -1.7151328086853028, -1.5102585474650065, -1.3053842862447103, -1.100510025024414, -0.8956357638041177, -0.6907615025838214, -0.48588724136352557, -0.2810129801432293, -0.076138718922933, 0.12873554229736328, 0.33360980351765956, 0.5384840647379558, 0.7433583259582521, 0.9482325871785484, 1.1531068483988447, 1.357981109619141, 1.5628553708394373, 1.7677296320597335, 1.972603893280029, 2.1774781545003252, 2.3823524157206215, 2.587226676940918, 2.792100938161214, 2.9969751993815104, 3.2018494606018066]}, "train/Dense_128_2/bias_0/histogram": {"_type": "histogram", "values": [1.0, 0.0, 0.0, 0.0, 1.0, 0.0, 1.0, 1.0, 1.0, 1.0, 3.0, 3.0, 7.0, 5.0, 5.0, 10.0, 6.0, 11.0, 14.0, 18.0, 5.0, 9.0, 3.0, 7.0, 6.0, 2.0, 3.0, 3.0, 0.0, 2.0], "bins": [-0.020333224907517433, -0.019260083294163146, -0.018186941680808862, -0.017113800067454575, -0.01604065845410029, -0.014967516840746004, -0.013894375227391719, -0.012821233614037433, -0.011748092000683148, -0.010674950387328862, -0.009601808773974577, -0.008528667160620292, -0.007455525547266004, -0.006382383933911719, -0.0053092423205574335, -0.00423610070720315, -0.0031629590938488626, -0.0020898174804945754, -0.0010166758671402917, 5.6465746213995444e-05, 0.0011296073595682792, 0.0022027489729225663, 0.00327589058627685, 0.004349032199631137, 0.005422173812985424, 0.006495315426339708, 0.007568457039693995, 0.008641598653048279, 0.009714740266402566, 0.01078788187975685, 0.011861023493111134]}, "train/Dense_128_3/kernel_0/histogram": {"_type": "histogram", "values": [7.0, 30.0, 28.0, 5.0, 0.0, 1.0, 5.0, 22.0, 28.0, 18.0, 29.0, 136.0, 299.0, 1357.0, 4769.0, 5638.0, 2905.0, 633.0, 260.0, 78.0, 16.0, 20.0, 21.0, 13.0, 7.0, 1.0, 5.0, 14.0, 21.0, 18.0], "bins": [-1.5825321674346924, -1.478731882572174, -1.3749315977096557, -1.2711313128471375, -1.1673310279846192, -1.0635307431221008, -0.9597304582595825, -0.8559301733970642, -0.7521298885345459, -0.6483296036720275, -0.5445293188095093, -0.4407290339469909, -0.33692874908447257, -0.2331284642219542, -0.12932817935943608, -0.025527894496917725, 0.07827239036560063, 0.18207267522811899, 0.28587296009063734, 0.3896732449531555, 0.49347352981567383, 0.5972738146781924, 0.7010740995407105, 0.8048743844032287, 0.9086746692657472, 1.0124749541282654, 1.116275238990784, 1.220075523853302, 1.3238758087158202, 1.4276760935783388, 1.531476378440857]}, "train/Dense_128_3/bias_0/histogram": {"_type": "histogram", "values": [1.0, 0.0, 0.0, 0.0, 0.0, 0.0, 0.0, 0.0, 0.0, 0.0, 0.0, 0.0, 0.0, 0.0, 0.0, 0.0, 0.0, 0.0, 0.0, 0.0, 0.0, 0.0, 0.0, 0.0, 0.0, 0.0, 0.0, 34.0, 90.0, 3.0], "bins": [-0.3746258020401001, -0.36134730987250807, -0.348068817704916, -0.33479032553732396, -0.3215118333697319, -0.30823334120213985, -0.29495484903454783, -0.28167635686695575, -0.2683978646993637, -0.25511937253177164, -0.2418408803641796, -0.22856238819658756, -0.2152838960289955, -0.20200540386140345, -0.18872691169381142, -0.17544841952621937, -0.1621699273586273, -0.14889143519103526, -0.1356129430234432, -0.12233445085585115, -0.10905595868825912, -0.09577746652066704, -0.08249897435307502, -0.06922048218548299, -0.05594199001789091, -0.04266349785029888, -0.0293850056827068, -0.016106513515114773, -0.0028280213475227467, 0.010450470820069335, 0.02372896298766136]}, "train/Dense_64_1/kernel_0/histogram": {"_type": "histogram", "values": [1.0, 1.0, 0.0, 0.0, 1.0, 5.0, 11.0, 31.0, 78.0, 180.0, 323.0, 427.0, 639.0, 654.0, 657.0, 616.0, 618.0, 719.0, 636.0, 666.0, 594.0, 531.0, 383.0, 231.0, 115.0, 46.0, 19.0, 4.0, 2.0, 4.0], "bins": [-0.6823230981826782, -0.6415830115477245, -0.6008429249127706, -0.5601028382778168, -0.5193627516428629, -0.4786226650079092, -0.43788257837295536, -0.39714249173800154, -0.3564024051030477, -0.3156623184680939, -0.2749222318331401, -0.23418214519818625, -0.1934420585632325, -0.1527019719282786, -0.11196188529332485, -0.07122179865837097, -0.030481712023417207, 0.010258374611536558, 0.050998461246490434, 0.0917385478814442, 0.13247863451639807, 0.17321872115135184, 0.21395880778630572, 0.2546988944212595, 0.29543898105621325, 0.3361790676911671, 0.376919154326121, 0.41765924096107465, 0.4583993275960285, 0.4991394142309824, 0.5398795008659363]}, "train/Dense_64_1/bias_0/histogram": {"_type": "histogram", "values": [1.0, 0.0, 0.0, 0.0, 0.0, 1.0, 1.0, 1.0, 3.0, 1.0, 1.0, 4.0, 4.0, 1.0, 2.0, 1.0, 6.0, 5.0, 6.0, 1.0, 1.0, 1.0, 5.0, 3.0, 6.0, 3.0, 3.0, 2.0, 0.0, 1.0], "bins": [-0.0630805566906929, -0.05948763638734818, -0.05589471608400345, -0.05230179578065872, -0.04870887547731399, -0.04511595517396927, -0.041523034870624545, -0.03793011456727982, -0.03433719426393509, -0.030744273960590367, -0.027151353657245636, -0.023558433353900912, -0.01996551305055619, -0.016372592747211458, -0.012779672443866734, -0.009186752140522003, -0.005593831837177279, -0.0020009115338325556, 0.0015920087695121682, 0.005184929072856906, 0.00877784937620163, 0.012370769679546353, 0.015963689982891077, 0.0195566102862358, 0.023149530589580525, 0.026742450892925262, 0.030335371196269986, 0.03392829149961471, 0.037521211802959434, 0.04111413210630416, 0.044707052409648895]}, "train/Dense_16_1/kernel_0/histogram": {"_type": "histogram", "values": [1.0, 2.0, 4.0, 7.0, 10.0, 11.0, 0.0, 11.0, 15.0, 40.0, 70.0, 95.0, 132.0, 176.0, 140.0, 116.0, 78.0, 47.0, 21.0, 8.0, 5.0, 11.0, 9.0, 11.0, 1.0, 1.0, 0.0, 0.0, 0.0, 2.0],