{"train/global_step": 259, "_timestamp": 1714398705.829897, "global_step": 149814, "train/epoch_loss": 44.15098571777344, "train/batch_normalization/gamma_0/histogram": {"_type": "histogram", "values": [23.0, 5.0, 4.0, 12.0, 16.0, 3.0, 2.0, 1.0, 2.0, 0.0, 2.0, 1.0, 2.0, 0.0, 1.0, 0.0, 1.0, 1.0, 0.0, 0.0, 0.0, 0.0, 0.0, 0.0, 2.0, 3.0, 0.0, 1.0, 0.0, 98.0], "bins": [0.9822474122047424, 0.9834321916103363, 0.9846169710159302, 0.9858017504215241, 0.9869865298271179, 0.9881713092327118, 0.9893560886383057, 0.9905408680438995, 0.9917256474494934, 0.9929104268550872, 0.9940952062606812, 0.9952799856662751, 0.9964647650718689, 0.9976495444774628, 0.9988343238830566, 1.0000191032886505, 1.0012038826942444, 1.0023886620998383, 1.003573441505432, 1.004758220911026, 1.0059430003166199, 1.0071277797222138, 1.0083125591278077, 1.0094973385334014, 1.0106821179389953, 1.0118668973445892, 1.0130516767501831, 1.014236456155777, 1.0154212355613708, 1.0166060149669647, 1.0177907943725586]}, "train/batch_normalization/beta_0/histogram": {"_type": "histogram", "values": [2.0, 0.0, 1.0, 1.0, 2.0, 1.0, 7.0, 2.0, 7.0, 10.0, 21.0, 15.0, 11.0, 18.0, 17.0, 13.0, 9.0, 8.0, 9.0, 9.0, 2.0, 6.0, 3.0, 2.0, 0.0, 1.0, 0.0, 1.0, 1.0, 1.0], "bins": [-0.001602010801434517, -0.0014885263013032575, -0.0013750418011719981, -0.0012615573010407387, -0.0011480728009094793, -0.00103458830077822, -0.0009211038006469608, -0.0008076193005157014, -0.000694134800384442, -0.0005806503002531826, -0.0004671658001219232, -0.0003536812999906638, -0.00024019679985940465, -0.00012671229972814526, -1.3227799596885869e-05, 0.00010025670053437352, 0.0002137412006656329, 0.0003272257007968923, 0.0004407102009281517, 0.0005541947010594111, 0.0006676792011906705, 0.0007811637013219299, 0.0008946482014531893, 0.0010081327015844486, 0.0011216172017157076, 0.001235101701846967, 0.0013485862019782264, 0.0014620707021094858, 0.0015755552022407452, 0.0016890397023720046, 0.001802524202503264]}, "train/batch_normalization/moving_mean_0/histogram": {"_type": "histogram", "values": [27.0, 24.0, 25.0, 21.0, 17.0, 10.0, 11.0, 6.0, 7.0, 6.0, 3.0, 4.0, 1.0, 5.0, 2.0, 2.0, 2.0, 0.0, 1.0, 2.0, 0.0, 1.0, 0.0, 1.0, 1.0, 0.0, 0.0, 0.0, 0.0, 1.0], "bins": [2.3698419227002887e-07, 5.289950839445131e-07, 8.210059756189973e-07, 1.1130168672934815e-06, 1.4050277589679657e-06, 1.69703865064245e-06, 1.989049542316934e-06, 2.281060433991418e-06, 2.5730713256659026e-06, 2.865082217340387e-06, 3.157093109014871e-06, 3.449104000689355e-06, 3.7411148923638395e-06, 4.033125784038324e-06, 4.3251366757128075e-06, 4.617147567387292e-06, 4.909158459061776e-06, 5.201169350736261e-06, 5.493180242410745e-06, 5.785191134085229e-06, 6.077202025759713e-06, 6.369212917434198e-06, 6.661223809108681e-06, 6.953234700783166e-06, 7.24524559245765e-06, 7.5372564841321345e-06, 7.829267375806619e-06, 8.121278267481103e-06, 8.413289159155586e-06, 8.70530005083007e-06, 8.997310942504555e-06]}, "train/batch_normalization/moving_variance_0/histogram": {"_type": "histogram", "values": [59.0, 40.0, 19.0, 14.0, 9.0, 9.0, 5.0, 7.0, 3.0, 3.0, 2.0, 1.0, 1.0, 3.0, 2.0, 0.0, 0.0, 0.0, 0.0, 1.0, 1.0, 0.0, 0.0, 0.0, 0.0, 0.0, 0.0, 0.0, 0.0, 1.0], "bins": [1.0643767226099776e-13, 8.408844267956151e-13, 1.5753311813302325e-12, 2.30977793586485e-12, 3.044224690399467e-12, 3.778671444934084e-12, 4.513118199468702e-12, 5.2475649540033194e-12, 5.9820117085379366e-12, 6.716458463072554e-12, 7.450905217607171e-12, 8.185351972141788e-12, 8.919798726676407e-12, 9.654245481211024e-12, 1.0388692235745641e-11, 1.1123138990280258e-11, 1.1857585744814875e-11, 1.2592032499349493e-11, 1.332647925388411e-11, 1.4060926008418727e-11, 1.4795372762953344e-11, 1.552981951748796e-11, 1.6264266272022578e-11, 1.6998713026557195e-11, 1.7733159781091816e-11, 1.8467606535626433e-11, 1.920205329016105e-11, 1.9936500044695667e-11, 2.0670946799230284e-11, 2.1405393553764902e-11, 2.213984030829952e-11]}, "train/dense/kernel_0/histogram": {"_type": "histogram", "values": [715.0, 762.0, 690.0, 693.0, 672.0, 717.0, 646.0, 689.0, 622.0, 690.0, 703.0, 685.0, 672.0, 707.0, 3224.0, 667.0, 635.0, 689.0, 705.0, 665.0, 690.0, 671.0, 642.0, 661.0, 648.0, 697.0, 644.0, 648.0, 736.0, 755.0], "bins": [-0.12293003499507904, -0.11473455925782522, -0.1065390835205714, -0.09834360778331756, -0.09014813204606374, -0.08195265630880992, -0.07375718057155609, -0.06556170483430226, -0.05736622909704844, -0.04917075335979462, -0.0409752776225408, -0.032779801885286966, -0.024584326148033145, -0.016388850410779324, -0.008193374673525489, 2.1010637283325195e-06, 0.008197576800982154, 0.016393052538235975, 0.024588528275489796, 0.03278400401274362, 0.04097947974999744, 0.04917495548725129, 0.05737043122450511, 0.06556590696175893, 0.07376138269901275, 0.08195685843626657, 0.0901523341735204, 0.09834780991077421, 0.10654328564802806, 0.11473876138528188, 0.1229342371225357]}, "train/dense/bias_0/histogram": {"_type": "histogram", "values": [2.0, 1.0, 1.0, 0.0, 2.0, 5.0, 2.0, 5.0, 5.0, 10.0, 9.0, 9.0, 9.0, 12.0, 7.0, 10.0, 10.0, 3.0, 2.0, 7.0, 4.0, 6.0, 2.0, 1.0, 2.0, 0.0, 0.0, 0.0, 1.0, 1.0], "bins": [-6.388886930608351e-08, -5.923928583229099e-08, -5.458970235849847e-08, -4.9940118884705956e-08, -4.5290535410913436e-08, -4.064095193712092e-08, -3.5991368463328405e-08, -3.1341784989535885e-08, -2.6692201515743366e-08, -2.2042618041950847e-08, -1.7393034568158328e-08, -1.2743451094365815e-08, -8.093867620573296e-09, -3.4442841467807765e-09, 1.205299327011736e-09, 5.854882800804262e-09, 1.0504466274596775e-08, 1.5154049748389287e-08, 1.9803633222181813e-08, 2.4453216695974326e-08, 2.910280016976685e-08, 3.3752383643559364e-08, 3.840196711735188e-08, 4.30515505911444e-08, 4.7701134064936915e-08, 5.235071753872943e-08, 5.7000301012521954e-08, 6.164988448631447e-08, 6.629946796010698e-08, 7.094905143389949e-08, 7.559863490769203e-08]}, "train/dense_1/kernel_0/histogram": {"_type": "histogram", "values": [491.0, 524.0, 546.0, 487.0, 473.0, 495.0, 470.0, 471.0, 477.0, 451.0, 527.0, 458.0, 450.0, 493.0, 494.0, 2169.0, 486.0, 470.0, 523.0, 498.0, 493.0, 470.0, 460.0, 488.0, 497.0, 513.0, 492.0, 519.0, 527.0, 472.0], "bins": [-0.136270672082901, -0.12718608478705087, -0.11810149749120076, -0.10901691019535065, -0.09993232289950052, -0.0908477356036504, -0.08176314830780029, -0.07267856101195017, -0.06359397371610005, -0.05450938642024994, -0.04542479912439981, -0.0363402118285497, -0.027255624532699585, -0.018171037236849458, -0.00908644994099933, -1.862645149230957e-06, 0.009082724650700896, 0.018167311946551024, 0.027251899242401123, 0.03633648653825125, 0.04542107383410138, 0.05450566112995148, 0.0635902484258016, 0.07267483572165173, 0.08175942301750183, 0.09084401031335196, 0.09992859760920209, 0.10901318490505221, 0.11809777220090234, 0.12718235949675244, 0.13626694679260254]}, "train/dense_1/bias_0/histogram": {"_type": "histogram", "values": [1.0, 0.0, 2.0, 2.0, 2.0, 0.0, 4.0, 1.0, 10.0, 7.0, 8.0, 10.0, 17.0, 9.0, 13.0, 12.0, 12.0, 5.0, 1.0, 2.0, 2.0, 4.0, 0.0, 2.0, 1.0, 0.0, 0.0, 0.0, 0.0, 1.0], "bins": [-8.483956293048323e-08, -7.816836126532205e-08, -7.149715960016086e-08, -6.482595793499968e-08, -5.81547562698385e-08, -5.1483554604677316e-08, -4.481235293951613e-08, -3.8141151274354953e-08, -3.146994960919377e-08, -2.4798747944032584e-08, -1.8127546278871406e-08, -1.1456344613710228e-08, -4.785142948549037e-09, 1.886058716612141e-09, 8.557260381773319e-09, 1.522846204693451e-08, 2.1899663712095688e-08, 2.8570865377256866e-08, 3.524206704241806e-08, 4.191326870757922e-08, 4.858447037274041e-08, 5.5255672037901604e-08, 6.192687370306277e-08, 6.859807536822396e-08, 7.526927703338515e-08, 8.194047869854632e-08, 8.861168036370751e-08, 9.52828820288687e-08, 1.0195408369402986e-07, 1.0862528535919105e-07, 1.1529648702435225e-07]}, "train/dense_2/kernel_0/histogram": {"_type": "histogram",