{"train/global_step": 113, "_timestamp": 1714411284.323576, "global_step": 132480, "_runtime": 1143.8114829063416, "_step": 228, "validation/global_step": 114, "validation/evaluation_loss_vs_iterations": 0.00895195733755827, "validation/epoch_loss": 0.00895195733755827, "train/epoch_loss": 0.013198143802583218, "train/BatchNorm_1/gamma_0/histogram": {"_type": "histogram", "values": [1.0, 1.0, 5.0, 11.0, 28.0, 25.0, 26.0, 20.0, 8.0, 11.0, 6.0, 5.0, 4.0, 4.0, 3.0, 4.0, 4.0, 3.0, 3.0, 1.0, 0.0, 0.0, 1.0, 4.0, 1.0, 0.0, 0.0, 0.0, 0.0, 1.0], "bins": [-6.917945384979248, -5.101179297765096, -3.284413210550944, -1.4676471233367918, 0.34911896387735997, 2.1658850510915126, 3.9826511383056644, 5.799417225519816, 7.616183312733968, 9.432949399948122, 11.249715487162273, 13.066481574376425, 14.883247661590577, 16.70001374880473, 18.51677983601888, 20.333545923233032, 22.150312010447184, 23.967078097661336, 25.78384418487549, 27.60061027208964, 29.417376359303795, 31.234142446517943, 33.0509085337321, 34.86767462094625, 36.6844407081604, 38.50120679537455, 40.317972882588705, 42.134738969802854, 43.95150505701701, 45.76827114423116, 47.58503723144531]}, "train/BatchNorm_1/beta_0/histogram": {"_type": "histogram", "values": [1.0, 0.0, 0.0, 0.0, 0.0, 0.0, 1.0, 0.0, 0.0, 1.0, 0.0, 1.0, 0.0, 2.0, 1.0, 1.0, 2.0, 17.0, 104.0, 36.0, 7.0, 3.0, 0.0, 0.0, 1.0, 0.0, 0.0, 0.0, 1.0, 1.0], "bins": [-0.01206314004957676, -0.011414537206292152, -0.010765934363007545, -0.010117331519722939, -0.009468728676438332, -0.008820125833153725, -0.008171522989869118, -0.007522920146584511, -0.006874317303299904, -0.006225714460015297, -0.00557711161673069, -0.004928508773446083, -0.004279905930161476, -0.003631303086876869, -0.0029827002435922623, -0.0023340974003076553, -0.0016854945570230484, -0.0010368917137384415, -0.00038828887045383453, 0.0002603139728307724, 0.0009089168161153793, 0.0015575196593999863, 0.002206122502684593, 0.0028547253459692, 0.003503328189253807, 0.004151931032538414, 0.004800533875823021, 0.005449136719107628, 0.006097739562392235, 0.006746342405676842, 0.007394945248961449]}, "train/BatchNorm_1/moving_mean_0/histogram": {"_type": "histogram", "values": [26.0, 24.0, 25.0, 23.0, 16.0, 10.0, 11.0, 6.0, 7.0, 6.0, 3.0, 4.0, 1.0, 5.0, 2.0, 2.0, 2.0, 0.0, 1.0, 2.0, 0.0, 1.0, 0.0, 1.0, 1.0, 0.0, 0.0, 0.0, 0.0, 1.0], "bins": [2.353829984258482e-07, 5.271631977166181e-07, 8.189433970073878e-07, 1.1107235962981576e-06, 1.4025037955889274e-06, 1.6942839948796973e-06, 1.986064194170467e-06, 2.277844393461237e-06, 2.5696245927520066e-06, 2.8614047920427763e-06, 3.1531849913335463e-06, 3.444965190624316e-06, 3.7367453899150856e-06, 4.028525589205856e-06, 4.320305788496626e-06, 4.6120859877873954e-06, 4.903866187078165e-06, 5.195646386368935e-06, 5.487426585659704e-06, 5.779206784950475e-06, 6.0709869842412445e-06, 6.362767183532014e-06, 6.654547382822784e-06, 6.9463275821135534e-06, 7.238107781404323e-06, 7.5298879806950936e-06, 7.821668179985864e-06, 8.113448379276633e-06, 8.405228578567403e-06, 8.697008777858172e-06, 8.988788977148943e-06]}, "train/BatchNorm_1/moving_variance_0/histogram": {"_type": "histogram", "values": [59.0, 39.0, 19.0, 15.0, 10.0, 8.0, 5.0, 7.0, 3.0, 3.0, 2.0, 1.0, 1.0, 3.0, 2.0, 0.0, 0.0, 0.0, 0.0, 1.0, 1.0, 0.0, 0.0, 0.0, 0.0, 0.0, 0.0, 0.0, 0.0, 1.0], "bins": [1.0449006568845343e-13, 8.410665817956108e-13, 1.577643097902768e-12, 2.3142196140099253e-12, 3.0507961301170827e-12, 3.78737264622424e-12, 4.523949162331397e-12, 5.2605256784385546e-12, 5.997102194545712e-12, 6.7336787106528694e-12, 7.470255226760026e-12, 8.206831742867184e-12, 8.943408258974341e-12, 9.679984775081499e-12, 1.0416561291188656e-11, 1.1153137807295814e-11, 1.188971432340297e-11, 1.2626290839510127e-11, 1.3362867355617285e-11, 1.4099443871724442e-11, 1.48360203878316e-11, 1.5572596903938757e-11, 1.6309173420045915e-11, 1.7045749936153073e-11, 1.778232645226023e-11, 1.8518902968367387e-11, 1.9255479484474545e-11, 1.99920560005817e-11, 2.0728632516688858e-11, 2.1465209032796016e-11, 2.2201785548903175e-11]}, "train/Dense_128_1/kernel_0/histogram": {"_type": "histogram", "values": [3.0, 5.0, 6.0, 3.0, 9.0, 19.0, 24.0, 25.0, 85.0, 115.0, 135.0, 140.0, 431.0, 21247.0, 329.0, 130.0, 78.0, 69.0, 54.0, 41.0, 19.0, 16.0, 14.0, 10.0, 13.0, 7.0, 5.0, 5.0, 2.0, 1.0], "bins": [-5.903117656707764, -5.465003903706869, -5.026890150705974, -4.588776397705078, -4.150662644704183, -3.712548891703288, -3.2744351387023927, -2.8363213857014973, -2.3982076327006023, -1.9600938796997074, -1.5219801266988124, -1.0838663736979166, -0.6457526206970217, -0.20763886769612672, 0.23047488530476912, 0.6685886383056641, 1.106702391306559, 1.544816144307454, 1.982929897308349, 2.421043650309244, 2.859157403310139, 3.2972711563110355, 3.7353849093119305, 4.173498662312825, 4.61161241531372, 5.049726168314615, 5.48783992131551, 5.925953674316405, 6.364067427317302, 6.802181180318197, 7.240294933319092]}, "train/Dense_128_1/bias_0/histogram": {"_type": "histogram", "values": [1.0, 0.0, 2.0, 4.0, 0.0, 0.0, 1.0, 0.0, 0.0, 2.0, 3.0, 2.0, 3.0, 6.0, 3.0, 10.0, 11.0, 4.0, 8.0, 19.0, 11.0, 11.0, 8.0, 7.0, 4.0, 1.0, 1.0, 2.0, 3.0, 1.0], "bins": [-0.07616621255874634, -0.0726597466195623, -0.06915328068037828, -0.06564681474119424, -0.06214034880201022, -0.058633882862826184, -0.05512741692364216, -0.051620950984458125, -0.0481144850452741, -0.044608019106090066, -0.04110155316690604, -0.03759508722772201, -0.03408862128853798, -0.03058215534935395, -0.02707568941016992, -0.02356922347098589, -0.02006275753180186, -0.01655629159261783, -0.013049825653433794, -0.009543359714249772, -0.006036893775065735, -0.002530427835881713, 0.0009760381033023235, 0.004482504042486346, 0.007988969981670382, 0.011495435920854405, 0.015001901860038441, 0.018508367799222464, 0.0220148337384065, 0.025521299677590523, 0.02902776561677456]}, "train/Dense_128_2/kernel_0/histogram": {"_type": "histogram", "values": [1.0, 1.0, 0.0, 3.0, 3.0, 10.0, 9.0, 14.0, 30.0, 55.0, 151.0, 313.0, 1114.0, 3056.0, 5080.0, 4010.0, 1655.0, 510.0, 214.0, 89.0, 37.0, 13.0, 5.0, 4.0, 1.0, 0.0, 3.0, 1.0, 1.0, 1.0], "bins": [-1.4464466571807861, -1.3484888911247253, -1.2505311250686646, -1.1525733590126037, -1.054615592956543, -0.9566578269004822, -0.8587000608444213, -0.7607422947883605, -0.6627845287322998, -0.564826762676239, -0.4668689966201782, -0.36891123056411734, -0.27095346450805646, -0.1729956984519958, -0.07503793239593493, 0.022919833660125732, 0.12087759971618661, 0.2188353657722475, 0.31679313182830815, 0.41475089788436903, 0.5127086639404297, 0.6106664299964906, 0.7086241960525514, 0.8065819621086123, 0.9045397281646732, 1.0024974942207336, 1.1004552602767945, 1.1984130263328554, 1.2963707923889163, 1.3943285584449772, 1.4922863245010376]}, "train/Dense_128_2/bias_0/histogram": {"_type": "histogram", "values": [2.0, 0.0, 0.0, 1.0, 4.0, 1.0, 3.0, 1.0, 2.0, 0.0, 1.0, 0.0, 3.0, 6.0, 9.0, 14.0, 17.0, 25.0, 15.0, 10.0, 4.0, 3.0, 3.0, 2.0, 0.0, 0.0, 1.0, 0.0, 0.0, 1.0], "bins": [-0.14427469670772552, -0.13728913615147273, -0.13030357559521993, -0.12331801503896714, -0.11633245448271434, -0.10934689392646155, -0.10236133337020874, -0.09537577281395594, -0.08839021225770315, -0.08140465170145035, -0.07441909114519756, -0.06743353058894476, -0.06044797003269195, -0.053462409476439154, -0.04647684892018636, -0.03949128836393356, -0.03250572780768077, -0.025520167251427972, -0.018534606695175176, -0.01154904613892238, -0.004563485582669585, 0.0024220749735832103, 0.009407635529836006, 0.0163931960860888, 0.023378756642341625, 0.03036431719859442, 0.037349877754847216, 0.04433543831110001, 0.05132099886735281, 0.0583065594236056, 0.0652921199798584]}, "train/Dense_128_3/kernel_0/histogram": {"_type": "histogram", "values": [2.0, 1.0, 1.0, 2.0, 8.0, 12.0, 25.0, 39.0, 81.0, 168.0, 409.0, 782.0, 1507.0, 2239.0, 2805.0, 2847.0, 2323.0, 1481.0, 825.0, 423.0, 202.0, 92.0, 53.0, 22.0, 13.0, 8.0, 4.0, 4.0, 4.0, 2.0],